,key_rate_m,inflation_yoy,usd_rub_m
key_rate_m,1.0,0.9353944223453757,-0.508862638295966
inflation_yoy,0.9353944223453757,1.0,-0.6183509689092322
usd_rub_m,-0.508862638295966,-0.6183509689092322,1.0
